Label,# Samples,Average,Median,90% Line,95% Line,99% Line,Min,Max,Error %,Throughput,KB/sec
RTEST (Rana Test)  User Group:GET myt.ucmerced.edu,60,932,378,2263,2266,2271,64,2281,0.00%,.1,5.4
RTEST (Rana Test)  User Group:GET CAS Login Page,60,83,55,117,123,132,29,1035,0.00%,.1,14.4
RTEST (Rana Test)  User Group:POST CAS Logged In Page,60,2299,1105,6481,7410,7790,157,8941,1.67%,.1,71.5
RTEST (Rana Test)  User Group:GET  CA Dream Loan Entrance Counseling - Financial Aid Document Upload,59,134,45,395,414,442,37,448,0.00%,.1,.9
RTEST (Rana Test)  User Group:POST  CA Dream Loan Entrance Counseling - Financial Aid Document Upload,59,23082,12184,18798,19280,301895,7910,305678,3.39%,.1,.6
RTEST (Rana Test)  User Group:GET  Discrepancy between SSN on FAFSA and UCM App - Financial Aid Document Upload,57,54,45,52,55,62,14,609,0.00%,.1,.8
RTEST (Rana Test)  User Group:POST  Discrepancy between SSN on FAFSA and UCM App - Financial Aid Document Upload,57,43485,12043,20068,301736,304858,4855,304868,10.53%,.1,.5
RTEST (Rana Test)  User Group:GET  Title IV Authorizations Sheet - Financial Aid Document Upload,51,46,46,54,55,62,14,64,0.00%,.1,.7
RTEST (Rana Test)  User Group:POST  Title IV Authorizations Sheet - Financial Aid Document Upload,51,17756,11864,13255,13675,15264,10138,305239,1.96%,.1,.5
RTEST (Rana Test)  User Group:GET  Award Terms and Conditions 2016-17 - Financial Aid Document Upload,50,47,46,55,57,73,39,73,0.00%,.1,.7
RTEST (Rana Test)  User Group:POST  Award Terms and Conditions 2016-17 - Financial Aid Document Upload,50,12104,12151,13093,13120,14674,10321,14674,0.00%,.1,.5
RTEST (Rana Test)  User Group:GET  Parent Asset Worksheet - Document Upload ,50,52,46,53,54,296,39,296,0.00%,.1,.7
RTEST (Rana Test)  User Group:POST  Parent Asset Worksheet - Financial Aid Document Upload,50,11861,11742,12894,13350,15151,10201,15151,0.00%,.1,.5
RTEST (Rana Test)  User Group:GET  Problem Matching Name to FAFSA - Financial Aid Document Upload,50,48,46,55,62,66,38,66,0.00%,.1,.7
RTEST (Rana Test)  User Group:POST  Problem Matching Name to FAFSA - Financial Aid Document Upload,50,12071,12118,12990,13231,13582,10570,13582,0.00%,.1,.5
RTEST (Rana Test)  User Group:GET  Award Terms and Conditions 2015-16 - Financial Aid Document Upload,50,46,45,52,53,62,37,62,0.00%,.1,.7
RTEST (Rana Test)  User Group:POST  Award Terms and Conditions - Financial Aid Document Upload,50,11962,11869,12860,12969,14152,10284,14152,0.00%,.1,.5
RTEST (Rana Test)  User Group:GET  Name is not matching to Dream Application - Financial Aid Document Upload,50,47,46,52,53,71,38,71,0.00%,.1,.7
RTEST (Rana Test)  User Group:POST  Name is not matching to Dream Application - Financial Aid Document Upload,50,12022,12284,12904,13163,13591,10034,13591,0.00%,.1,.5
RTEST (Rana Test)  User Group:GET  AB 540 -Registrar Document Upload,50,49,46,57,63,102,41,102,0.00%,.1,.7
RTEST (Rana Test)  User Group:POST  AB 540 - Registrar Document Upload,50,11962,11954,13043,13121,13287,10118,13287,0.00%,.1,.5
RTEST (Rana Test)  User Group:GET Reclassification Documentation -Registrar Document Upload,50,49,47,59,62,85,39,85,0.00%,.1,.7
RTEST (Rana Test)  User Group:POST Reclassification Documentation -Registrar Document Upload,50,12113,12078,12963,13180,13287,10848,13287,0.00%,.1,.5
TOTAL,1214,7562,431,12720,13274,19915,14,305678,0.82%,1.8,83.5
